Experiment Name,Trial Id,Trial Name,Pass Data
Experiment,1,Diagonal Trial,(1; 1; 2.004452; 1.357466), (2; 1; 1.607042; 1.138057), (3; 1; 0.8283333; 1.394575), (4; 1; 1.176234; 1.089996)
Experiment,1,Diagonal Trial,(1; 1; 2.004452; 1.357466), (2; 1; 1.607042; 1.138057), (3; 1; 0.8283333; 1.394575), (4; 1; 1.176234; 1.089996)
Experiment,1,Diagonal Trial,(1; 1; 1.607042; 1.138057), (2; 1; 0.8283333; 1.394575), (3; 1; 1.176234; 1.089996)
Experiment,1,Diagonal Trial,(1; 1; 1.607042; 1.138057), (2; 1; 0.8283333; 1.394575), (3; 1; 1.176234; 1.089996)

